id,dataset,question,ground_truth_answer,nvidia_model,nvidia_parsed_answer,nvidia_raw_response,nvidia_outcome
Text-333,medxpertqa,"A 54-year-old woman is evaluated for a hand deformity. The surgical team is considering a procedure that would dorsally reposition the lateral bands to address the underlying pathological mechanism. Which finger deformity is this patient most likely experiencing?
Answer Choices: (A) Mallet finger deformity (B) Boutonneire finger deformity (C) Clinodactyly (D) Gamekeeper's thumb (E) Swan neck finger defomity (F) Trigger finger deformity (G) Dupuytren's contracture (H) Hammer finger deformity (I) Camptodactyly (J) Lumbrical plus finger deformity",B,deepseek-ai/deepseek-r1,B,"<think>
Okay, let's tackle this question. So, the patient is a 54-year-old woman with a hand deformity. The surgical team is planning to dorsally reposition the lateral bands. I need to figure out which finger deformity this corresponds to.

First, I should recall the different deformities listed. Let's go through them one by one. 

Mallet finger (A) is when the distal interphalangeal (DIP) joint is flexed because the extensor tendon is damaged. So the fingertip droops. Boutonniere deformity (B) involves the proximal interphalangeal (PIP) joint being flexed and the DIP extended. That's due to injury of the central slip of the extensor tendon, causing the lateral bands to move volarly. 

Swan neck deformity (E) is the opposite: PIP hyperextension and DIP flexion. That can happen when the volar plate is loose or the lateral bands are tight dorsally. The lateral bands in swan neck might be positioned more dorsally, so maybe repositioning them would help. Wait, the question says the procedure is dorsal repositioning of lateral bands. If the lateral bands are moved dorsally, that might affect the balance between flexion and extension. 

In Boutonniere, the lateral bands slip below the PIP joint's axis, causing them to act as flexors instead of extensors. So if you move them dorsally, maybe that corrects the Boutonniere by allowing them to extend the PIP again. But wait, the question says the procedure is to dorsally reposition the lateral bands. If the lateral bands are already displaced volarly in Boutonniere, moving them back dorsally would fix that. So surgery for Boutonniere might involve that. 

Alternatively, Swan neck is when the lateral bands are too tight dorsally. Wait, but if you reposition them dorsally, maybe that would exacerbate Swan neck. Or maybe the problem in Swan neck is that the lateral bands are too dorsal, causing PIP hyperextension. So if the procedure is to move them dorsally, perhaps that's part of treating a different deformity. 

Wait, let me think again. In Boutonniere deformity, the central slip is ruptured, so the PIP can't extend. The lateral bands then move volar to the PIP joint axis. When that happens, when the patient tries to extend the finger, the lateral bands can't extend the PIP, and instead, they extend the DIP. So the PIP stays flexed, and the DIP hyperextends. So the treatment for Boutonniere might involve realigning the lateral bands dorsally. So the surgical procedure mentioned here (dorsal repositioning of lateral bands) would correct Boutonniere. 

Swan neck deformity is PIP hyperextension and DIP flexion. The lateral bands in Swan neck are tight dorsally. So maybe the treatment would involve something to prevent the PIP hyperextension. But the question's procedure is moving the lateral bands dorsally. If they are already dorsal, moving them more might not help. Alternatively, maybe in some cases, the lateral bands are subluxated, and repositioning them could be part of the treatment. Hmm. 

Alternatively, let's think about the answer options. The options are (B) Boutonniere and (E) Swan neck. The question is which one would require moving the lateral bands dorsally. 

In Boutonniere, the lateral bands have moved volarly. So surgery would aim to move them back dorsally. That makes sense. So the answer would be B. 

Swan neck is when the lateral bands are too dorsal, contributing to PIP hyperextension. So if you move them dorsally, that would make Swan neck worse, but maybe the question is about a different approach. Wait, but the procedure is to correct the underlying problem. If the lateral bands are volar (Boutonniere), moving them dorsal would fix it. If they are dorsal (Swan neck), moving them more dorsal would not. 

So the correct answer here is Boutonniere deformity (B), because the lateral bands are displaced volarly, and the surgery is to reposition them dorsally.
</think>

Answer: B",Correct
